,Date,figi,operation,order_id
0,2021_09_02-19:34:48,BBG000BC9938,Buy,295904547200
1,2021_09_02-19:34:49,BBG000BC9938,Sell,295905227060
2,2021_09_03-13:15:35,BBG000BC9938,ReallSell,295905227060
3,2021_09_03-13:41:10,BBG000BC9938,ReallSell,295905227060
4,2021_09_03-19:04:42,BBG000BC9938,Buy,296530856070
5,2021_09_07-10:56:36,BBG000BC9938,Sell,296779295780
6,2021_09_07-10:58:27,BBG000BC9938,ReallSell,296779295780
7,2021_09_07-17:23:24,BBG000BC9938,Buy,297053183190
8,2021_09_07-17:23:27,BBG000BC9938,Sell,297055577580
9,2021_09_08-10:58:47,BBG000BC9938,Sell,297426338430
10,2021_09_08-18:33:02,BBG000BC9938,ReallSell,297426338430
11,2021_09_08-18:37:55,BBG000BP52R2,Buy,297828301580
12,2021_09_08-18:37:58,BBG000BP52R2,Sell,297829598270
13,2021_09_08-18:43:02,BBG000BP52R2,Sell,297836140660
14,2021_09_08-22:08:22,BBG000BP52R2,ReallSell,297836140660
15,2021_09_08-22:11:25,BBG000BLF8D2,Buy,298036631560
16,2021_09_08-22:11:27,BBG000BLF8D2,Sell,298037216800
17,2021_09_09-10:12:23,BBG000BLF8D2,ReallSell,298037216800
18,2021_09_09-16:59:20,BBG0025Y4RY4,Buy,298340226240
19,2021_09_09-16:59:22,BBG0025Y4RY4,Sell,298342436290
20,2021_09_09-17:12:47,BBG0025Y4RY4,ReallSell,298342436290
21,2021_09_09-17:19:04,BBG000BT1715,Buy,298379803590
22,2021_09_09-17:19:06,BBG000BT1715,Sell,298381562580
23,2021_09_10-10:20:54,BBG000BT1715,Sell,298810158030
24,2021_09_10-21:35:54,BBG000BT1715,ReallSell,298810158030
25,2021_09_10-21:41:14,BBG000BM7HL0,Buy,299402808040
26,2021_09_10-21:41:16,BBG000BM7HL0,Sell,299403960850
27,2021_09_11-23:14:28,BBG000BM7HL0,ReallSell,299403960850
28,2021_09_13-16:45:38,BBG000BPD168,Buy,299700840910
29,2021_09_13-16:45:41,BBG000BPD168,Sell,299703854500
30,2021_09_14-10:28:44,BBG000BPD168,Sell,300297144500
31,2021_09_15-11:44:44,BBG000BPD168,Sell,301063546530
32,2021_09_16-10:47:57,BBG000BPD168,Sell,301699377180
33,2021_09_17-14:29:53,BBG000BPD168,Sell,302547259020
34,2021_09_20-11:00:27,BBG000BPD168,Sell,303266938680
35,2021_09_21-10:30:36,BBG000BPD168,Sell,304278788800
36,2021_09_22-10:08:31,BBG000BPD168,Sell,305170213520
37,2021_09_23-10:07:01,BBG000BPD168,Sell,305986081820
38,2021_09_24-10:22:55,BBG000BPD168,Sell,306700890150
39,2021_09_24-16:29:25,BBG000BPD168,ReallSell,306700890150
40,2021_09_24-17:45:44,BBG000BMY992,Buy,307008136910
41,2021_09_24-17:45:47,BBG000BMY992,Sell,307010652140
42,2021_09_24-17:53:09,BBG000BMY992,ReallSell,307010652140
43,2021_09_24-17:59:57,BBG000BMY992,Buy,307032247940
44,2021_09_24-17:59:59,BBG000BMY992,Sell,307033734660
45,2021_09_24-18:07:37,BBG000BMY992,ReallSell,307033734660
46,2021_09_24-18:13:44,BBG000DQLV23,Buy,307050479190
47,2021_09_24-18:13:46,BBG000DQLV23,Sell,307051800040
48,2021_09_27-11:41:48,BBG000DQLV23,Sell,307364605730
49,2021_09_28-12:11:20,BBG000DQLV23,Sell,308082848530
50,2021_09_29-10:59:59,BBG000DQLV23,Sell,308850380900
51,2021_09_30-12:41:29,BBG000DQLV23,ReallSell,308850380900
52,2021_09_30-17:56:48,BBG000C5HS04,Buy,310001178160
53,2021_09_30-17:56:50,BBG000C5HS04,Sell,310003324730
54,2021_09_30-19:57:36,BBG000C5HS04,Sell,310207682760
55,2021_10_01-11:03:16,BBG000C5HS04,Sell,310509418260
56,2021_10_01-17:26:20,BBG000C5HS04,Sell,310809603380
57,2021_10_01-22:49:15,BBG000C5HS04,ReallSell,310809603380
58,2021_10_04-17:27:32,BBG000CH5208,Buy,311586121250
59,2021_10_04-17:27:35,BBG000CH5208,Sell,311588709220
60,2021_10_04-20:40:35,BBG000CH5208,Sell,311929313940
61,2021_10_05-11:22:49,BBG000CH5208,Sell,312199366450
62,2021_10_05-16:35:34,BBG000CH5208,ReallSell,312199366450
63,2021_10_05-18:59:30,BBG000BFDLV8,Buy,312556599910
64,2021_10_05-18:59:33,BBG000BFDLV8,Sell,312557699070
65,2021_10_06-10:37:20,BBG000BFDLV8,Sell,312827020620
66,2021_10_07-16:35:34,BBG000BFDLV8,ReallSell,312827020620
67,2021_10_07-18:07:25,BBG000BS5170,Buy,313970805470
68,2021_10_07-18:07:27,BBG000BS5170,Sell,313971948030
69,2021_10_07-18:17:40,BBG000BS5170,ReallSell,313971948030
70,2021_10_07-18:18:53,BBG000BFDLV8,Buy,313986940790
71,2021_10_07-18:18:55,BBG000BFDLV8,Sell,313988983400
72,2021_10_07-19:31:18,BBG000BFDLV8,ReallSell,313988983400
73,2021_10_07-20:30:08,BBG000B9ZXB4,Buy,314097408090
74,2021_10_07-20:30:10,BBG000B9ZXB4,Sell,314098251860
75,2021_10_08-10:18:25,BBG000B9ZXB4,ReallSell,314098251860
76,2021_10_08-20:36:42,BBG000MM2P62,Buy,314721893160
77,2021_10_08-20:36:44,BBG000MM2P62,Sell,314722710150
78,2021_10_08-21:09:29,BBG000MM2P62,ReallSell,314722710150
79,2021_10_08-22:44:03,BBG000MM2P62,Buy,314819318030
80,2021_10_08-22:44:05,BBG000MM2P62,Sell,314820045020
81,2021_10_11-11:23:56,BBG000MM2P62,Sell,314871203830
82,2021_10_12-10:13:00,BBG000MM2P62,Sell,315405263940
83,2021_10_13-10:38:12,BBG000MM2P62,Sell,316047065770
84,2021_10_14-10:10:27,BBG000MM2P62,Sell,316666469320
85,2021_10_15-10:10:50,BBG000MM2P62,Sell,317219622620
86,2021_10_18-10:12:25,BBG000MM2P62,Sell,317740783390
87,2021_10_18-18:11:38,BBG000MM2P62,ReallSell,317740783390
88,2021_10_18-19:47:27,BBG000NDV1D4,Buy,318156010650
89,2021_10_18-19:47:30,BBG000NDV1D4,Sell,318156747700
90,2021_10_19-11:58:27,BBG000NDV1D4,ReallSell,318156747700
91,2021_10_20-21:24:21,BBG000BMW2Z0,Buy,319309053980
92,2021_10_20-21:24:23,BBG000BMW2Z0,Sell,319309860110
93,2021_10_21-12:05:03,BBG000BMW2Z0,Sell,319448260880
94,2021_10_22-11:51:49,BBG000BMW2Z0,Sell,319988517740
95,2021_10_22-17:21:41,BBG000BMW2Z0,ReallSell,319988517740
96,2021_10_25-18:04:12,BBG000C0G1D1,Buy,320816827150
97,2021_10_25-18:04:14,BBG000C0G1D1,Sell,320818288520
98,2021_10_25-18:31:11,BBG000C0G1D1,ReallSell,320818288520
99,2021_10_26-19:04:04,BBG000NDV1D4,Buy,321518751100
100,2021_10_26-19:04:06,BBG000NDV1D4,Sell,321520314380
101,2021_10_27-10:47:44,BBG000NDV1D4,Sell,321798257440
102,2021_10_28-10:40:00,BBG000NDV1D4,Sell,322439532020
103,2021_10_28-17:12:18,BBG000NDV1D4,ReallSell,322439532020
104,2021_10_29-18:17:24,BBG000C1BW00,Buy,323427005950
105,2021_10_29-18:17:26,BBG000C1BW00,Sell,323428400260
106,2021_10_29-19:01:48,BBG000C1BW00,ReallSell,323428400260
107,2021_11_01-19:35:37,BBG000VPGNR2,Buy,324080373790
108,2021_11_01-19:35:39,BBG000VPGNR2,Sell,324081325020
109,2021_11_02-12:17:54,BBG000VPGNR2,Sell,324327640220
110,2021_11_02-16:51:16,BBG000VPGNR2,ReallSell,324327640220
111,2021_11_02-17:35:49,BBG000BLNNH6,Buy,324526442000
112,2021_11_02-17:35:51,BBG000BLNNH6,Sell,324527853840
113,2021_11_02-17:39:23,BBG000BLNNH6,ReallSell,324527853840
114,2021_11_02-22:29:48,BBG000FQ6PY6,Buy,324787203750
115,2021_11_02-22:29:50,BBG000FQ6PY6,Sell,324788378000
116,2021_11_03-10:15:33,BBG000FQ6PY6,ReallSell,324788378000
117,2021_11_04-18:09:45,BBG000CVWGS6,Buy,R21340802
118,2021_11_04-18:09:47,BBG000CVWGS6,Sell,325651650270
119,2021_11_04-18:16:07,BBG000CVWGS6,ReallSell,325651650270
120,2021_11_04-18:33:11,BBG000PSKYX7,Buy,R21367790
121,2021_11_04-18:33:14,BBG000PSKYX7,Sell,325682579980
122,2021_11_04-19:28:17,BBG000PSKYX7,ReallSell,325682579980
123,2021_11_04-20:26:09,BBG000BMH2Q7,Buy,325781144800
124,2021_11_04-20:26:12,BBG000BMH2Q7,Sell,325782144450
125,2021_11_04-21:11:31,BBG000BMH2Q7,ReallSell,325782144450
126,2021_11_04-21:51:47,BBG000PSKYX7,Buy,325853477110
127,2021_11_04-21:51:49,BBG000PSKYX7,Sell,325854649880
128,2021_11_05-11:30:26,BBG000PSKYX7,ReallSell,325854649880
129,2021_11_05-16:50:54,BBG000CVWGS6,Buy,326150781640
130,2021_11_05-16:50:56,BBG000CVWGS6,Sell,326152884550
131,2021_11_05-18:03:41,BBG000CVWGS6,ReallSell,326152884550
132,2021_11_05-18:07:14,BBG000BVMGF2,Buy,326251360590
133,2021_11_05-18:07:16,BBG000BVMGF2,Sell,326252540390
134,2021_11_08-12:18:23,BBG000BVMGF2,ReallSell,11111
135,2021_11_08-19:42:59,BBG000FQ6PY6,Buy,326910569230
136,2021_11_08-19:43:01,BBG000FQ6PY6,Sell,326911769440
137,2021_11_08-20:27:26,BBG000FQ6PY6,ReallSell,11111
138,2021_11_08-20:33:19,BBG000BMH2Q7,Buy,326953856650
139,2021_11_08-20:33:21,BBG000BMH2Q7,Sell,326954672330
140,2021_11_08-20:39:28,BBG000BMH2Q7,ReallSell,11111
141,2021_11_08-20:45:12,BBG0077VNXV6,Buy,326962781880
142,2021_11_08-20:45:14,BBG0077VNXV6,Sell,326963796390
143,2021_11_08-20:57:32,BBG0077VNXV6,ReallSell,11111
144,2021_11_08-22:56:54,BBG000BMH2Q7,Buy,327061232950
145,2021_11_08-22:56:56,BBG000BMH2Q7,Sell,327062141950
146,2021_11_09-11:51:35,BBG000BMH2Q7,Sell,327150746930
147,2021_11_09-17:45:07,BBG000BMH2Q7,Buy,327329004510
148,2021_11_09-18:06:11,BBG000BMH2Q7,Sell,327376000590
149,2021_11_09-18:26:55,BBG000BMH2Q7,Sell,327411439100
150,2021_11_09-22:42:04,BBG000BMH2Q7,ReallSell,11111
151,2021_11_09-22:47:38,BBG000FQ6PY6,Buy,327673936140
152,2021_11_09-22:47:40,BBG000FQ6PY6,Sell,327674849270
153,2021_11_10-10:14:36,BBG000FQ6PY6,ReallSell,11111
154,2021_11_12-21:49:24,BBG000BVMGF2,Buy,329387452850
155,2021_11_12-21:49:26,BBG000BVMGF2,Sell,329388079370
156,2021_11_15-10:51:47,BBG000BVMGF2,Sell,329496313020
157,2021_11_15-14:05:17,BBG000BVMGF2,ReallSell,11111
158,2021_11_15-19:45:37,BBG000BQ4WF8,Buy,329822690970
159,2021_11_15-19:45:39,BBG000BQ4WF8,Sell,329824071410
160,2021_11_15-19:59:13,BBG000BQ4WF8,ReallSell,11111
161,2021_11_19-21:20:43,BBG000CVWGS6,Buy,R25689905
162,2021_11_19-21:20:45,BBG000CVWGS6,Sell,332083945350
163,2021_11_19-22:09:47,BBG000CVWGS6,Sell,332116876810
164,2021_11_19-22:18:09,BBG000CVWGS6,Sell,332121509380
165,2021_11_19-22:21:40,BBG000CVWGS6,Sell,332123563800
166,2021_11_19-22:33:44,BBG000CVWGS6,Sell,332131115140
167,2021_11_19-22:37:24,BBG000CVWGS6,Sell,332133509140
168,2021_11_19-22:42:58,BBG000CVWGS6,Sell,332137030480
169,2021_11_19-22:49:51,BBG000CVWGS6,Sell,332141107920
170,2021_11_22-09:57:42,BBG000CVWGS6,Sell,332200399650
171,2021_11_22-11:31:15,BBG000CVWGS6,ReallSell,11111
172,2021_11_22-19:17:03,BBG000BMH2Q7,Buy,332573712700
173,2021_11_22-19:17:06,BBG000BMH2Q7,Sell,332575205490
174,2021_11_22-19:17:41,BBG000BMH2Q7,Sell,332575948320
175,2021_11_22-19:24:19,BBG000BMH2Q7,Sell,332584356140
176,2021_11_22-19:30:54,BBG000BMH2Q7,Sell,332592777590
177,2021_11_22-19:37:31,BBG000BMH2Q7,Sell,332601146830
178,2021_11_22-19:44:13,BBG000BMH2Q7,Sell,332609821570
179,2021_11_22-19:50:51,BBG000BMH2Q7,Sell,332619248360
180,2021_11_22-19:57:12,BBG000BMH2Q7,ReallSell,11111
181,2021_11_22-21:40:03,BBG000HS77T5,Buy,332721612100
182,2021_11_22-21:40:05,BBG000HS77T5,Sell,332722261570
183,2021_11_22-21:40:31,BBG000HS77T5,Sell,332722537090
184,2021_11_22-21:47:15,BBG000HS77T5,Sell,332727395490
185,2021_11_22-21:53:53,BBG000HS77T5,Sell,332732111880
186,2021_11_22-22:00:28,BBG000HS77T5,Sell,332737356490
187,2021_11_22-22:35:43,BBG000HS77T5,Sell,332762485820
188,2021_11_22-22:42:36,BBG000HS77T5,Sell,332767290990
189,2021_11_22-22:49:08,BBG000HS77T5,Sell,332772260780
190,2021_11_22-22:55:52,BBG000HS77T5,Sell,332777404200
191,2021_11_22-23:02:26,BBG000HS77T5,Sell,332781958450
192,2021_11_23-10:07:07,BBG000HS77T5,Sell,332858242460
193,2021_11_23-11:10:02,BBG000HS77T5,Sell,332913826670
194,2021_11_23-17:14:25,BBG000HS77T5,Sell,333106950310
195,2021_11_23-17:21:21,BBG000HS77T5,Sell,333109464690
196,2021_11_23-17:27:46,BBG000HS77T5,Sell,333111470460
197,2021_11_23-17:34:35,BBG000HS77T5,ReallSell,11111
198,2021_11_23-22:49:45,BBG000BMH2Q7,Buy,333455120260
199,2021_11_23-22:49:47,BBG000BMH2Q7,Sell,333456297840
200,2021_11_23-22:50:27,BBG000BMH2Q7,Sell,333457264120
201,2021_11_23-22:57:08,BBG000BMH2Q7,Sell,333463580640
202,2021_11_23-23:04:02,BBG000BMH2Q7,Sell,333467107840
203,2021_11_24-10:28:14,BBG000BMH2Q7,ReallSell,11111
204,2021_11_24-20:24:06,BBG000BT13B3,Buy,333997357500
205,2021_11_24-20:24:08,BBG000BT13B3,Sell,333998066090
206,2021_11_24-20:25:32,BBG000BT13B3,Sell,333998955800
207,2021_11_24-20:32:18,BBG000BT13B3,Sell,334002625560
208,2021_11_24-20:39:00,BBG000BT13B3,Sell,334006411090
209,2021_11_24-20:45:39,BBG000BT13B3,ReallSell,11111
210,2021_11_24-21:08:07,BBG000DN7P92,Buy,334024745260
211,2021_11_24-21:08:10,BBG000DN7P92,Sell,334025514470
212,2021_11_24-21:09:03,BBG000DN7P92,Sell,334026061850
213,2021_11_24-21:15:48,BBG000DN7P92,Sell,334030284770
214,2021_11_24-21:22:22,BBG000DN7P92,Sell,334034362730
215,2021_11_24-21:29:00,BBG000DN7P92,Sell,334038708180
216,2021_11_24-21:35:43,BBG000DN7P92,Sell,334043306460
217,2021_11_24-21:42:21,BBG000DN7P92,Sell,334049393570
218,2021_11_24-21:49:07,BBG000DN7P92,Sell,334067140570
219,2021_11_24-21:55:46,BBG000DN7P92,Sell,334086966020
220,2021_11_24-22:02:21,BBG000DN7P92,Sell,334106863070
221,2021_11_24-22:09:03,BBG000DN7P92,Sell,334129685800
222,2021_11_24-22:15:45,BBG000DN7P92,Sell,334151977890
223,2021_11_24-22:35:43,BBG000DN7P92,Sell,334214708190
224,2021_11_24-22:42:20,BBG000DN7P92,Sell,334235249900
225,2021_11_24-22:48:56,BBG000DN7P92,Sell,334255834590
226,2021_11_24-22:55:40,BBG000DN7P92,Sell,334276674600
227,2021_11_24-23:02:27,BBG000DN7P92,Sell,334297459910
228,2021_11_25-10:13:01,BBG000DN7P92,Sell,KEV75329087326qfvJbj
229,2021_11_26-10:42:51,BBG000DN7P92,Sell,334501402420
230,2021_11_26-11:28:13,BBG000DN7P92,Sell,334549602240
231,2021_11_26-13:02:50,BBG000DN7P92,Sell,334634919770
232,2021_11_26-13:11:57,BBG000DN7P92,Sell,334641083710
233,2021_11_26-15:40:51,BBG000DN7P92,Sell,334725551050
234,2021_11_26-17:28:24,BBG000DN7P92,Sell,334771376430
235,2021_11_26-17:35:42,BBG000DN7P92,Sell,334787064350
236,2021_11_26-17:43:05,BBG000DN7P92,Sell,334803638230
237,2021_11_26-17:50:18,BBG000DN7P92,Sell,334819415610
238,2021_11_26-17:57:32,BBG000DN7P92,Sell,334833687260
239,2021_11_26-18:04:42,BBG000DN7P92,Sell,334846707240
240,2021_11_26-18:12:06,BBG000DN7P92,Sell,334858653570
241,2021_11_26-18:19:31,BBG000DN7P92,Sell,334871215130
242,2021_11_26-18:26:28,BBG000DN7P92,Sell,334881625920
243,2021_11_26-18:33:57,BBG000DN7P92,Sell,334892709760
244,2021_11_26-18:41:31,BBG000DN7P92,Sell,334903189970
245,2021_11_26-18:48:52,BBG000DN7P92,Sell,334912577870
246,2021_11_26-18:56:05,BBG000DN7P92,Sell,334922332270
247,2021_11_26-19:03:41,BBG000DN7P92,Sell,334933140530
248,2021_11_26-19:10:45,BBG000DN7P92,Sell,334941825050
249,2021_11_26-19:17:54,BBG000DN7P92,Sell,334950763020
250,2021_11_26-19:25:12,BBG000DN7P92,Sell,334958453590
251,2021_11_26-19:32:21,BBG000DN7P92,Sell,334967796870
252,2021_11_26-19:39:50,BBG000DN7P92,Sell,334976711820
253,2021_11_26-19:46:58,BBG000DN7P92,Sell,334985703700
254,2021_11_26-19:54:22,BBG000DN7P92,Sell,334994944890
255,2021_11_26-20:01:48,BBG000DN7P92,Sell,335001648540
256,2021_11_26-20:09:17,BBG000DN7P92,Sell,335006491280
257,2021_11_26-20:16:37,BBG000DN7P92,Sell,335014503120
258,2021_11_26-20:23:57,BBG000DN7P92,Sell,335022506300
259,2021_11_26-20:31:20,BBG000DN7P92,Sell,335030739410
260,2021_11_26-20:38:54,BBG000DN7P92,Sell,335038583560
261,2021_11_26-20:46:30,BBG000DN7P92,Sell,335045055640
262,2021_11_26-20:53:36,BBG000DN7P92,Sell,335052948620
263,2021_11_26-21:01:06,BBG000DN7P92,Sell,335061913010
264,2021_11_26-21:08:23,BBG000DN7P92,Sell,335062345310
265,2021_11_26-21:15:37,BBG000DN7P92,Sell,335062709300
266,2021_11_26-21:22:51,BBG000DN7P92,Sell,335062948190
267,2021_11_26-21:30:06,BBG000DN7P92,Sell,335063182720
268,2021_11_26-21:37:21,BBG000DN7P92,Sell,335063373210
269,2021_11_26-21:44:49,BBG000DN7P92,Sell,335063571510
270,2021_11_26-21:52:15,BBG000DN7P92,Sell,335063814570
271,2021_11_26-21:59:25,BBG000DN7P92,Sell,335064024100
272,2021_11_26-22:06:46,BBG000DN7P92,Sell,335064180160
273,2021_11_26-22:14:03,BBG000DN7P92,Sell,335064333780
274,2021_11_26-22:21:31,BBG000DN7P92,Sell,335064517110
275,2021_11_26-22:28:51,BBG000DN7P92,Sell,335064652050
276,2021_11_26-22:35:51,BBG000DN7P92,Sell,335064795200
277,2021_11_26-22:43:24,BBG000DN7P92,Sell,335064945220
278,2021_11_26-22:50:39,BBG000DN7P92,Sell,335065070290
279,2021_11_26-22:57:52,BBG000DN7P92,Sell,335065221960
280,2021_11_26-23:05:02,BBG000DN7P92,Sell,335065436880
281,2021_11_29-10:41:53,BBG000DN7P92,Sell,335102193900
282,2021_11_29-18:27:52,BBG000DN7P92,Sell,335415763410
283,2021_11_29-18:34:18,BBG000DN7P92,Sell,335424661630
284,2021_11_29-18:41:06,BBG000DN7P92,Sell,335433867860
285,2021_11_29-18:47:46,BBG000DN7P92,Sell,335441553170
286,2021_11_29-18:54:24,BBG000DN7P92,Sell,335449447560
287,2021_11_29-19:01:07,BBG000DN7P92,Sell,335457271240
288,2021_11_29-19:07:48,BBG000DN7P92,Sell,335464043710
289,2021_11_29-19:14:29,BBG000DN7P92,Sell,335470899220
290,2021_11_29-19:21:10,BBG000DN7P92,Sell,335477577720
291,2021_11_29-19:27:51,BBG000DN7P92,Sell,335484787200
292,2021_11_29-19:34:37,BBG000DN7P92,Sell,335493043350
293,2021_11_29-19:41:17,BBG000DN7P92,Sell,335500264430
294,2021_11_29-19:47:53,BBG000DN7P92,Sell,335506105860
295,2021_11_29-19:54:40,BBG000DN7P92,Sell,335511805190
296,2021_11_29-20:01:24,BBG000DN7P92,Sell,335517128110
297,2021_11_29-20:08:11,BBG000DN7P92,Sell,335522587420
298,2021_11_29-20:14:47,BBG000DN7P92,Sell,335527628220
299,2021_11_29-20:21:21,BBG000DN7P92,Sell,335532363100
300,2021_11_29-20:27:56,BBG000DN7P92,Sell,335536887910
301,2021_11_29-20:34:35,BBG000DN7P92,Sell,335541454980
302,2021_11_29-20:41:19,BBG000DN7P92,Sell,335546806240
303,2021_11_29-20:48:00,BBG000DN7P92,Sell,335551287260
304,2021_11_29-20:54:45,BBG000DN7P92,Sell,335555954220
305,2021_11_29-21:01:17,BBG000DN7P92,Sell,335560393060
306,2021_11_29-21:07:47,BBG000DN7P92,Sell,335564688240
307,2021_11_29-21:14:28,BBG000DN7P92,Sell,335569129830
308,2021_11_29-21:21:09,BBG000DN7P92,Sell,335574347180
309,2021_11_29-21:27:48,BBG000DN7P92,Sell,335579093040
310,2021_11_29-21:34:16,BBG000DN7P92,Sell,335583350580
311,2021_11_29-21:40:52,BBG000DN7P92,Sell,335588498600
312,2021_11_29-21:47:38,BBG000DN7P92,Sell,335592904030
313,2021_11_29-21:54:24,BBG000DN7P92,Sell,335597280990
314,2021_11_29-22:00:59,BBG000DN7P92,Sell,335601629100
315,2021_11_29-22:07:40,BBG000DN7P92,Sell,335606088020
316,2021_11_29-22:14:16,BBG000DN7P92,Sell,335609501710
317,2021_11_29-22:20:59,BBG000DN7P92,Sell,335613273170
318,2021_11_29-22:27:42,BBG000DN7P92,Sell,335617243270
319,2021_11_29-22:34:19,BBG000DN7P92,Sell,335621567030
320,2021_11_29-22:41:05,BBG000DN7P92,Sell,335626535760
321,2021_11_29-22:47:35,BBG000DN7P92,Sell,335630752840
322,2021_11_29-22:54:12,BBG000DN7P92,Sell,335634930600
323,2021_11_29-23:00:46,BBG000DN7P92,Sell,335638611130
324,2021_11_30-11:47:42,BBG000DN7P92,Sell,335791451700
325,2021_11_30-17:17:02,BBG000DN7P92,Sell,335969161910
326,2021_11_30-17:25:32,BBG000DN7P92,Sell,335972886290
327,2021_11_30-17:32:54,BBG000DN7P92,Sell,335981025910
328,2021_11_30-17:40:33,BBG000DN7P92,Sell,335996333730
329,2021_11_30-17:47:59,BBG000DN7P92,Sell,336009895970
330,2021_11_30-17:55:41,BBG000DN7P92,Sell,336023112380
331,2021_11_30-18:03:24,BBG000DN7P92,Sell,336035127440
332,2021_11_30-18:10:49,BBG000DN7P92,Sell,336046232360
333,2021_11_30-18:18:22,BBG000DN7P92,Sell,336057042110
334,2021_11_30-18:25:56,BBG000DN7P92,Sell,336067746270
335,2021_11_30-18:33:21,BBG000DN7P92,Sell,336079339990
336,2021_11_30-18:41:00,BBG000DN7P92,Sell,336094893550
337,2021_11_30-18:48:33,BBG000DN7P92,Sell,336106533740
338,2021_11_30-18:55:57,BBG000DN7P92,Sell,336122122630
339,2021_11_30-19:03:28,BBG000DN7P92,Sell,336138029900
340,2021_11_30-19:11:14,BBG000DN7P92,Sell,336153394570
341,2021_11_30-19:18:49,BBG000DN7P92,Sell,336164724690
342,2021_11_30-19:26:13,BBG000DN7P92,Sell,336175123380
343,2021_11_30-19:33:46,BBG000DN7P92,Sell,336186157980
344,2021_11_30-19:41:21,BBG000DN7P92,Sell,336198205070
345,2021_11_30-19:49:05,BBG000DN7P92,Sell,336210123310
346,2021_11_30-19:56:33,BBG000DN7P92,Sell,336220914150
347,2021_11_30-20:04:22,BBG000DN7P92,Sell,336232467050
348,2021_11_30-20:11:57,BBG000DN7P92,Sell,336242573200
349,2021_11_30-20:19:28,BBG000DN7P92,Sell,336252230190
350,2021_11_30-20:26:48,BBG000DN7P92,Sell,336259781210
351,2021_11_30-20:34:15,BBG000DN7P92,Sell,336266908160
352,2021_11_30-20:41:34,BBG000DN7P92,Sell,336274102570
353,2021_11_30-20:49:30,BBG000DN7P92,Sell,336282957490
354,2021_11_30-20:57:04,BBG000DN7P92,Sell,336291337040
355,2021_11_30-21:04:32,BBG000DN7P92,Sell,336299034960
356,2021_11_30-21:12:01,BBG000DN7P92,Sell,336306420630
357,2021_11_30-21:19:54,BBG000DN7P92,Sell,336313895770
358,2021_11_30-21:27:40,BBG000DN7P92,Sell,336321263170
359,2021_11_30-21:35:01,BBG000DN7P92,Sell,336328315620
360,2021_11_30-21:42:25,BBG000DN7P92,Sell,336334699600
361,2021_11_30-21:49:48,BBG000DN7P92,Sell,336339808630
362,2021_11_30-21:57:03,BBG000DN7P92,Sell,336345469470
363,2021_11_30-22:04:22,BBG000DN7P92,Sell,336351954250
364,2021_11_30-22:11:56,BBG000DN7P92,Sell,336358059320
365,2021_11_30-22:19:20,BBG000DN7P92,Sell,336363822380
366,2021_11_30-22:26:36,BBG000DN7P92,Sell,336370103290
367,2021_11_30-22:33:52,BBG000DN7P92,Sell,336377750670
368,2021_11_30-22:41:24,BBG000DN7P92,Sell,336384436730
369,2021_11_30-22:48:57,BBG000DN7P92,Sell,336390680380
370,2021_11_30-22:56:29,BBG000DN7P92,Sell,336397569610
371,2021_11_30-23:03:52,BBG000DN7P92,Sell,336401913150
372,2021_12_01-19:29:27,BBG000DN7P92,Sell,336875081220
373,2021_12_01-19:36:46,BBG000DN7P92,Sell,336883840740
374,2021_12_01-19:44:15,BBG000DN7P92,Sell,336891305420
375,2021_12_01-19:51:32,BBG000DN7P92,Sell,336899404250
376,2021_12_01-19:59:03,BBG000DN7P92,Sell,336908660430
377,2021_12_01-20:06:34,BBG000DN7P92,Sell,336917260220
378,2021_12_01-20:14:00,BBG000DN7P92,Sell,336924895520
379,2021_12_01-20:21:19,BBG000DN7P92,Sell,336931454220
380,2021_12_01-20:28:45,BBG000DN7P92,Sell,336938766850
381,2021_12_01-20:36:30,BBG000DN7P92,Sell,336946495660
382,2021_12_01-20:43:39,BBG000DN7P92,Sell,336953384360
383,2021_12_01-20:51:00,BBG000DN7P92,Sell,336960246640
384,2021_12_01-20:58:17,BBG000DN7P92,Sell,336969043170
385,2021_12_01-21:05:41,BBG000DN7P92,Sell,336979210330
386,2021_12_01-21:13:04,BBG000DN7P92,Sell,336989506750
387,2021_12_01-21:20:35,BBG000DN7P92,Sell,336999815980
388,2021_12_01-21:27:52,BBG000DN7P92,Sell,337007469480
389,2021_12_01-21:35:07,BBG000DN7P92,Sell,337015124190
390,2021_12_01-21:42:38,BBG000DN7P92,Sell,337022513870
391,2021_12_01-21:49:56,BBG000DN7P92,Sell,337034147100
392,2021_12_01-21:57:05,BBG000DN7P92,Sell,337045152300
393,2021_12_01-22:04:30,BBG000DN7P92,Sell,337055613560
394,2021_12_01-22:11:42,BBG000DN7P92,Sell,337064932550
395,2021_12_01-22:19:17,BBG000DN7P92,Sell,337075953750
396,2021_12_01-22:26:33,BBG000DN7P92,Sell,337085475440
397,2021_12_01-22:33:47,BBG000DN7P92,Sell,337094185850
398,2021_12_01-22:40:55,BBG000DN7P92,Sell,337103339980
399,2021_12_01-22:48:20,BBG000DN7P92,Sell,337111954990
400,2021_12_01-22:55:48,BBG000DN7P92,Sell,337120574930
401,2021_12_01-23:03:08,BBG000DN7P92,Sell,337126502920
402,2021_12_03-09:59:53,BBG000DN7P92,Sell,338017248370
403,2021_12_06-09:20:04,BBG000DN7P92,Sell,338790770350
404,2021_12_06-16:42:41,BBG000DN7P92,Sell,339019233290
405,2021_12_06-16:49:59,BBG000DN7P92,Sell,339035206630
406,2021_12_06-16:57:12,BBG000DN7P92,Sell,339050033860
407,2021_12_06-17:04:27,BBG000DN7P92,Sell,339064966950
408,2021_12_06-17:11:50,BBG000DN7P92,ReallSell,11111
409,2021_12_06-18:10:36,BBG000BCWCG1,Buy,339168097420
410,2021_12_06-18:10:38,BBG000BCWCG1,Sell,339169770520
411,2021_12_06-18:10:54,BBG000BCWCG1,Sell,339170058140
412,2021_12_06-18:18:01,BBG000BCWCG1,Sell,339181229320
413,2021_12_06-18:25:20,BBG000BCWCG1,Sell,339190637390
414,2021_12_06-18:32:35,BBG000BCWCG1,Sell,339199532970
415,2021_12_06-18:39:53,BBG000BCWCG1,Sell,339208742670
416,2021_12_06-18:47:11,BBG000BCWCG1,Sell,339216769600
417,2021_12_06-18:54:27,BBG000BCWCG1,Sell,339224503390
418,2021_12_06-19:01:28,BBG000BCWCG1,Sell,339232068940
419,2021_12_06-19:08:30,BBG000BCWCG1,Sell,339238740880
420,2021_12_06-19:15:41,BBG000BCWCG1,Sell,339245850610
421,2021_12_06-19:22:47,BBG000BCWCG1,Sell,339252243210
422,2021_12_06-19:29:49,BBG000BCWCG1,Sell,339257995430
423,2021_12_06-19:37:06,BBG000BCWCG1,Sell,339263738070
424,2021_12_06-19:44:29,BBG000BCWCG1,Sell,339269240680
425,2021_12_06-19:51:47,BBG000BCWCG1,Sell,339274576360
426,2021_12_06-19:59:06,BBG000BCWCG1,Sell,339280403230
427,2021_12_06-20:06:08,BBG000BCWCG1,Sell,339286598560
428,2021_12_06-20:13:38,BBG000BCWCG1,Sell,339292611210
429,2021_12_06-20:20:46,BBG000BCWCG1,Sell,339298070740
430,2021_12_06-20:28:04,BBG000BCWCG1,Sell,339304730000
431,2021_12_06-20:35:14,BBG000BCWCG1,Sell,339311250560
432,2021_12_06-20:42:26,BBG000BCWCG1,Sell,339317616890
433,2021_12_06-20:49:57,BBG000BCWCG1,Sell,339323577640
434,2021_12_06-20:57:12,BBG000BCWCG1,Sell,339329274040
435,2021_12_06-21:04:29,BBG000BCWCG1,Sell,339335189590
436,2021_12_06-21:11:50,BBG000BCWCG1,Sell,339341409030
437,2021_12_06-21:19:00,BBG000BCWCG1,Sell,339347493570
438,2021_12_06-21:26:17,BBG000BCWCG1,Sell,339352878570
439,2021_12_06-21:33:23,BBG000BCWCG1,Sell,339359075430
440,2021_12_06-21:40:42,BBG000BCWCG1,Sell,339364899030
441,2021_12_06-21:47:49,BBG000BCWCG1,Sell,339371367050
442,2021_12_06-21:49:07,BBG000BCWCG1,Sell,339372518260
443,2021_12_06-21:55:09,BBG000BCWCG1,Sell,339377728380
444,2021_12_06-21:56:27,BBG000BCWCG1,Sell,339378884610
445,2021_12_06-22:02:31,BBG000BCWCG1,Sell,339382678180
446,2021_12_06-22:03:49,BBG000BCWCG1,Buy,339382715120
447,2021_12_06-22:03:49,BBG000BCWCG1,Sell,339383314940
448,2021_12_06-22:09:52,BBG000BCWCG1,Sell,339386353690
449,2021_12_06-22:16:48,BBG000BCWCG1,Sell,339392191090
450,2021_12_06-22:24:04,BBG000BCWCG1,Sell,339397930490
451,2021_12_06-22:31:10,BBG000BCWCG1,Sell,339404733230
452,2021_12_06-22:38:22,BBG000BCWCG1,Sell,339412129530
453,2021_12_06-22:45:37,BBG000BCWCG1,Sell,339418930010
454,2021_12_06-22:52:43,BBG000BCWCG1,Sell,339426215370
455,2021_12_06-22:59:56,BBG000BCWCG1,Sell,339435525120
456,2021_12_06-23:08:23,BBG000BCWCG1,ReallSell,11111
457,2021_12_07-21:29:39,BBG000HXJB21,Buy,339945621840
458,2021_12_07-21:29:41,BBG000HXJB21,Sell,339946343910
459,2021_12_07-21:30:03,BBG000HXJB21,Sell,339946604250
460,2021_12_07-21:36:13,BBG000HXJB21,Sell,339950661810
461,2021_12_07-21:42:27,BBG000HXJB21,Sell,339955221290
462,2021_12_07-21:48:53,BBG000HXJB21,Sell,339959652810
463,2021_12_07-21:55:08,BBG000HXJB21,Sell,339963647140
464,2021_12_07-22:01:34,BBG000HXJB21,Sell,339967284700
465,2021_12_07-22:07:54,BBG000HXJB21,Sell,339969889750
466,2021_12_07-22:14:18,BBG000HXJB21,Sell,339974496520
467,2021_12_07-22:20:34,BBG000HXJB21,Sell,339979094150
468,2021_12_07-22:26:55,BBG000HXJB21,Sell,339984788220
469,2021_12_07-22:33:18,BBG000HXJB21,Sell,339990790800
470,2021_12_07-22:39:34,BBG000HXJB21,Sell,339997181690
471,2021_12_07-22:45:50,BBG000HXJB21,Sell,340002327470
472,2021_12_07-22:52:12,BBG000HXJB21,Sell,340008388830
473,2021_12_07-22:58:32,BBG000HXJB21,Sell,340017844240
474,2021_12_07-23:04:53,BBG000HXJB21,Sell,340020872710
475,2021_12_08-12:54:15,BBG000HXJB21,Sell,340156377600
476,2021_12_08-17:33:36,BBG000HXJB21,ReallSell,11111
477,2021_12_09-19:19:33,BBG000C17X76,Buy,340959193710
478,2021_12_09-19:19:35,BBG000C17X76,Sell,340960071990
479,2021_12_09-19:23:09,BBG000C17X76,Sell,340962531420
480,2021_12_09-19:29:11,BBG000C17X76,ReallSell,11111
481,2021_12_09-19:31:41,BBG000C17X76,Buy,340966883100
482,2021_12_09-19:31:43,BBG000C17X76,Sell,340967624120
483,2021_12_09-19:58:35,BBG000C17X76,ReallSell,11111
484,2021_12_09-21:26:06,BBG000CVWGS6,Buy,341045238340
485,2021_12_09-21:26:08,BBG000CVWGS6,Sell,341046217170
486,2021_12_09-21:29:03,BBG000CVWGS6,Sell,341048370690
487,2021_12_09-21:35:06,BBG000CVWGS6,Sell,341053143660
488,2021_12_09-21:41:08,BBG000CVWGS6,Sell,341057251400
489,2021_12_09-21:47:12,BBG000CVWGS6,Sell,341061516340
490,2021_12_09-21:53:15,BBG000CVWGS6,Sell,341065677690
491,2021_12_09-21:59:18,BBG000CVWGS6,Sell,341069925660
492,2021_12_09-22:05:20,BBG000CVWGS6,Sell,341072869220
493,2021_12_09-22:11:23,BBG000CVWGS6,Sell,341076368070
494,2021_12_09-22:17:26,BBG000CVWGS6,Sell,341081493300
495,2021_12_09-22:23:29,BBG000CVWGS6,Sell,341086422100
496,2021_12_09-22:29:32,BBG000CVWGS6,Sell,341091835250
497,2021_12_09-22:35:34,BBG000CVWGS6,Sell,341097470370
498,2021_12_09-22:41:37,BBG000CVWGS6,Sell,341102780240
499,2021_12_09-22:47:40,BBG000CVWGS6,Sell,341106662320
500,2021_12_09-22:54:12,BBG000CVWGS6,ReallSell,11111
501,2021_12_14-21:57:50,BBG000BSJK37,Buy,R29270242
502,2021_12_14-21:57:52,BBG000BSJK37,Sell,342817149990
503,2021_12_14-21:58:40,BBG000BSJK37,Sell,342817628020
504,2021_12_14-22:04:43,BBG000BSJK37,Sell,342820427640
505,2021_12_14-22:10:45,BBG000BSJK37,Sell,342823294410
506,2021_12_14-22:16:48,BBG000BSJK37,Sell,342827897690
507,2021_12_14-22:22:51,BBG000BSJK37,Sell,342832438950
508,2021_12_14-22:28:54,BBG000BSJK37,Sell,342836959310
509,2021_12_14-22:34:57,BBG000BSJK37,Sell,342842731680
510,2021_12_14-22:40:59,BBG000BSJK37,Sell,342848413080
511,2021_12_14-22:47:02,BBG000BSJK37,Sell,342852963440
512,2021_12_14-22:53:05,BBG000BSJK37,Sell,342859106570
513,2021_12_14-22:59:09,BBG000BSJK37,Sell,342866766440
514,2021_12_15-10:43:50,BBG000BSJK37,Sell,342935107140
515,2021_12_15-16:57:25,BBG000BSJK37,Sell,343120023460
516,2021_12_15-17:03:34,BBG000BSJK37,Sell,343130982310
517,2021_12_15-17:09:38,BBG000BSJK37,Sell,343140140180
518,2021_12_15-17:15:41,BBG000BSJK37,Sell,343149831960
519,2021_12_15-17:21:43,BBG000BSJK37,Sell,343158580180
520,2021_12_15-17:27:46,BBG000BSJK37,Sell,343166510900
521,2021_12_15-17:33:50,BBG000BSJK37,Sell,343174266880
522,2021_12_15-17:39:53,BBG000BSJK37,Sell,343181305970
523,2021_12_15-17:45:55,BBG000BSJK37,Sell,343188190040
524,2021_12_15-17:51:58,BBG000BSJK37,Sell,343194896330
525,2021_12_15-17:58:01,BBG000BSJK37,Sell,343201797070
526,2021_12_15-18:04:04,BBG000BSJK37,Sell,343208364750
527,2021_12_15-18:10:07,BBG000BSJK37,Sell,343214762270
528,2021_12_15-18:16:10,BBG000BSJK37,Sell,343221333170
529,2021_12_15-18:22:13,BBG000BSJK37,Sell,343227246110
530,2021_12_15-18:28:16,BBG000BSJK37,Sell,343232804690
531,2021_12_15-18:34:19,BBG000BSJK37,Sell,343238974880
532,2021_12_15-18:40:22,BBG000BSJK37,Sell,343244739250
533,2021_12_15-19:51:40,BBG000BSJK37,Sell,343304573520
534,2021_12_15-19:57:43,BBG000BSJK37,Sell,343308631890
535,2021_12_15-20:03:46,BBG000BSJK37,Sell,343312807010
536,2021_12_15-20:09:48,BBG000BSJK37,Sell,343316934040
537,2021_12_15-20:15:51,BBG000BSJK37,Sell,343321439320
538,2021_12_15-20:21:54,BBG000BSJK37,Sell,343325426640
539,2021_12_15-21:20:48,BBG000BSJK37,Sell,343397016800
540,2021_12_15-21:26:57,BBG000BSJK37,Sell,343406771950
541,2021_12_15-21:33:01,BBG000BSJK37,Sell,343417651390
542,2021_12_15-21:39:04,BBG000BSJK37,Sell,343429353020
543,2021_12_15-21:45:09,BBG000BSJK37,Sell,343440544680
544,2021_12_15-21:51:17,BBG000BSJK37,Sell,343451495050
545,2021_12_15-21:57:19,BBG000BSJK37,Sell,343463985570
546,2021_12_15-22:03:22,BBG000BSJK37,Sell,343470505550
547,2021_12_15-22:04:37,BBG000BSJK37,Buy,343470574180
548,2021_12_15-22:04:37,BBG000BSJK37,Sell,343471653280
549,2021_12_15-22:10:39,BBG000BSJK37,Sell,343478010550
550,2021_12_15-22:11:54,BBG000BSJK37,Buy,343478220790
551,2021_12_15-22:11:54,BBG000BSJK37,Sell,343479935970
552,2021_12_15-22:17:56,BBG000BSJK37,Sell,343490675970
553,2021_12_15-22:23:59,BBG000BSJK37,Sell,343501687090
554,2021_12_15-22:30:01,BBG000BSJK37,Sell,343511509550
555,2021_12_15-22:36:05,BBG000BSJK37,Sell,343521715050
556,2021_12_15-22:42:07,BBG000BSJK37,Sell,343530648540
557,2021_12_15-22:48:10,BBG000BSJK37,Sell,343538268490
558,2021_12_15-22:54:13,BBG000BSJK37,Sell,343547921270
559,2021_12_15-23:00:16,BBG000BSJK37,Sell,343557264610
560,2021_12_16-07:21:34,BBG000BSJK37,Sell,343566174990
561,2021_12_16-07:26:15,BBG000BSJK37,ReallSell,11111
562,2021_12_17-19:14:40,BBG000DZJVH0,Buy,344730163560
563,2021_12_17-19:14:43,BBG000DZJVH0,Sell,344731714840
564,2021_12_17-19:17:08,BBG000DZJVH0,Sell,344734617300
565,2021_12_17-19:23:11,BBG000DZJVH0,Sell,344741302870
566,2021_12_17-19:29:14,BBG000DZJVH0,Sell,344747116250
567,2021_12_17-19:35:17,BBG000DZJVH0,Sell,344754336870
568,2021_12_17-19:41:20,BBG000DZJVH0,Sell,344760419280
569,2021_12_17-19:47:23,BBG000DZJVH0,Sell,344766103250
570,2021_12_17-19:53:26,BBG000DZJVH0,Sell,344772035340
571,2021_12_17-19:59:28,BBG000DZJVH0,ReallSell,11111
572,2021_12_17-21:56:50,BBG000DZJVH0,Buy,344880792300
573,2021_12_17-21:56:53,BBG000DZJVH0,Sell,344882162570
574,2021_12_17-21:57:29,BBG000DZJVH0,Sell,344882738060
575,2021_12_17-22:03:30,BBG000DZJVH0,ReallSell,11111
576,2021_12_20-18:38:54,BBG000CL9VN6,Buy,345438739200
577,2021_12_20-18:38:56,BBG000CL9VN6,Sell,345439980640
578,2021_12_20-18:40:19,BBG000CL9VN6,Sell,345441427470
579,2021_12_20-18:46:30,BBG000CL9VN6,Sell,345448781560
580,2021_12_20-18:52:44,BBG000CL9VN6,Sell,345455888390
581,2021_12_20-18:58:59,BBG000CL9VN6,ReallSell,11111
582,2021_12_20-19:59:06,BBG000CL9VN6,Buy,345501255930
583,2021_12_20-19:59:08,BBG000CL9VN6,Sell,345519625070
584,2021_12_20-20:17:13,BBG000CL9VN6,Sell,R30158769
585,2021_12_20-20:23:56,BBG000CL9VN6,ReallSell,11111
586,2021_12_21-17:39:33,BBG001R3MNY9,Buy,R30327255
587,2021_12_21-17:39:35,BBG001R3MNY9,Sell,346046201570
588,2021_12_21-17:39:52,BBG001R3MNY9,Sell,346046565590
589,2021_12_21-17:45:54,BBG001R3MNY9,ReallSell,11111
590,2021_12_22-19:24:06,BBG0018SLC07,Buy,346731391960
591,2021_12_22-19:24:08,BBG0018SLC07,Sell,346732204140
592,2021_12_22-20:25:04,BBG0018SLC07,ReallSell,11111
593,2021_12_22-20:51:51,BBG000H8TVT2,Buy,346793501850
594,2021_12_22-20:51:53,BBG000H8TVT2,Sell,346794106300
595,2021_12_22-20:55:09,BBG000H8TVT2,Sell,346796122180
596,2021_12_22-21:01:11,BBG000H8TVT2,Sell,346800365720
597,2021_12_22-21:07:14,BBG000H8TVT2,Sell,346805341440
598,2021_12_22-21:13:16,BBG000H8TVT2,Sell,346809832070
599,2021_12_22-21:19:18,BBG000H8TVT2,Sell,346813564760
600,2021_12_22-21:25:21,BBG000H8TVT2,Sell,346817625410
601,2021_12_22-21:31:23,BBG000H8TVT2,Sell,346823203190
602,2021_12_22-21:37:32,BBG000H8TVT2,Sell,346827982350
603,2021_12_22-21:43:35,BBG000H8TVT2,Sell,346832046050
604,2021_12_22-21:49:38,BBG000H8TVT2,Sell,346835743550
605,2021_12_22-21:55:40,BBG000H8TVT2,Sell,346839964240
606,2021_12_22-22:02:08,BBG000H8TVT2,Sell,346843495450
607,2021_12_22-22:08:18,BBG000H8TVT2,Sell,346846498640
608,2021_12_22-22:14:20,BBG000H8TVT2,Sell,346850061530
609,2021_12_22-22:20:23,BBG000H8TVT2,Sell,346854375340
610,2021_12_22-22:26:25,BBG000H8TVT2,Sell,346858475280
611,2021_12_22-22:32:28,BBG000H8TVT2,Sell,346863066430
612,2021_12_22-22:38:30,BBG000H8TVT2,Sell,346867284090
613,2021_12_22-22:44:33,BBG000H8TVT2,Sell,346870410540
614,2021_12_22-22:50:47,BBG000H8TVT2,Sell,346874967080
615,2021_12_22-22:56:50,BBG000H8TVT2,Sell,346880576930
616,2021_12_22-23:02:52,BBG000H8TVT2,Sell,346884107280
617,2021_12_23-09:34:40,BBG000H8TVT2,Sell,346909971200
618,2021_12_23-12:17:17,BBG000H8TVT2,ReallSell,11111
619,2021_12_28-18:56:01,BBG000FSMWC3,Buy,348207801530
620,2021_12_28-18:56:04,BBG000FSMWC3,Sell,348208466530
621,2021_12_28-18:56:08,BBG000FSMWC3,Sell,348208493580
622,2021_12_28-19:02:10,BBG000FSMWC3,Sell,348211931430
623,2021_12_28-19:08:13,BBG000FSMWC3,Sell,348215355000
624,2021_12_28-19:14:16,BBG000FSMWC3,Sell,348218623510
625,2021_12_28-19:20:19,BBG000FSMWC3,Sell,348221823150
626,2021_12_28-19:26:21,BBG000FSMWC3,Sell,348224957000
627,2021_12_28-19:32:24,BBG000FSMWC3,Sell,348229785280
628,2021_12_28-19:38:27,BBG000FSMWC3,Sell,348234511820
629,2021_12_28-19:44:29,BBG000FSMWC3,Sell,348238121270
630,2021_12_28-19:50:32,BBG000FSMWC3,Sell,348241778290
631,2021_12_28-19:56:34,BBG000FSMWC3,Sell,348245359980
632,2021_12_28-20:02:37,BBG000FSMWC3,Sell,348248983840
633,2021_12_28-20:45:33,BBG000FSMWC3,ReallSell,11111
634,2021_12_31-21:20:22,BBG000BN2DC2,Buy,349417014310
635,2021_12_31-21:20:24,BBG000BN2DC2,Sell,349417435870
636,2021_12_31-21:24:08,BBG000BN2DC2,Sell,349418612250
637,2021_12_31-21:30:11,BBG000BN2DC2,Sell,349420554480
638,2021_12_31-21:36:13,BBG000BN2DC2,Sell,349422469620
639,2021_12_31-21:42:16,BBG000BN2DC2,Sell,349424350470
640,2021_12_31-21:48:19,BBG000BN2DC2,Sell,349426071010
641,2021_12_31-21:54:21,BBG000BN2DC2,Sell,349427847480
642,2021_12_31-22:00:24,BBG000BN2DC2,Sell,349429470500
643,2021_12_31-22:06:26,BBG000BN2DC2,ReallSell,11111
644,2022_01_05-21:18:24,BBG000C43RR5,Buy,351173809060
645,2022_01_05-21:50:43,BBG000C43RR5,Sell,351173809060
646,2022_01_05-21:55:43,BBG000C43RR5,ReallSell,11111
647,2022_01_05-22:00:25,BBG000C43RR5,Buy,351173809060
648,2022_01_05-22:04:18,BBG000C43RR5,Sell,351303381720
649,2022_01_05-22:07:21,BBG000C43RR5,Sell,351306694730
650,2022_01_05-22:15:54,BBG000C43RR5,Sell,351319947090
651,2022_01_05-22:30:33,BBG000C43RR5,Sell,351344471460
652,2022_01_05-22:54:49,BBG000C43RR5,Sell,351378435870
653,2022_01_06-10:03:15,BBG000C43RR5,Sell,351442969360
654,2022_01_06-10:18:36,BBG000C43RR5,Sell,351459085850
655,2022_01_06-11:52:35,BBG000C43RR5,Sell,351540143350
656,2022_01_06-11:54:58,BBG000C43RR5,Sell,351541551860
657,2022_01_06-11:59:24,BBG000C43RR5,Sell,351544588500
658,2022_01_06-12:12:43,BBG000C43RR5,Sell,351554801340
659,2022_01_06-12:37:37,BBG000C43RR5,Sell,351573381560
660,2022_01_06-12:38:34,BBG000C43RR5,Sell,351573905570
661,2022_01_06-12:50:37,BBG000C43RR5,Sell,351581341460
662,2022_01_06-13:00:18,BBG000C43RR5,Sell,351587691400
663,2022_01_06-13:52:57,BBG000C43RR5,Sell,351621104090
664,2022_01_06-15:39:10,BBG000C43RR5,Sell,351668724850
665,2022_01_06-15:46:52,BBG000C43RR5,Sell,351671839990
666,2022_01_06-15:47:24,BBG000C43RR5,Sell,351672151980
667,2022_01_06-15:49:46,BBG000C43RR5,Sell,351673138670
668,2022_01_06-16:45:49,BBG000C43RR5,ReallSell,11111
669,2022_01_11-17:53:33,BBG000R8ZVD1,Buy,353999981040
670,2022_01_11-17:53:36,BBG000R8ZVD1,Sell,354001331730
671,2022_01_11-17:54:11,BBG000R8ZVD1,Sell,354002177090
672,2022_01_11-18:00:52,BBG000R8ZVD1,ReallSell,11111
673,2022_01_12-17:47:55,BBG000BSBZH7,Buy,354706457750
674,2022_01_12-17:47:57,BBG000BSBZH7,Sell,354709977480
675,2022_01_12-17:48:17,BBG000BSBZH7,Sell,354710738770
676,2022_01_12-17:54:58,BBG000BSBZH7,Sell,354729993610
677,2022_01_12-18:01:50,BBG000BSBZH7,Sell,354746292450
678,2022_01_12-18:08:36,BBG000BSBZH7,Sell,354774329460
679,2022_01_12-18:15:13,BBG000BSBZH7,Sell,354793772800
680,2022_01_12-18:16:16,BBG000BSBZH7,Buy,354793925080
681,2022_01_12-18:16:16,BBG000BSBZH7,Sell,354796691340
682,2022_01_12-18:22:18,BBG000BSBZH7,Sell,354813481470
683,2022_01_12-18:28:44,BBG000BSBZH7,Sell,354831044210
684,2022_01_12-18:35:24,BBG000BSBZH7,Sell,354849618050
685,2022_01_12-18:42:00,BBG000BSBZH7,Sell,354867147250
686,2022_01_12-18:48:46,BBG000BSBZH7,Sell,354881842220
687,2022_01_12-18:55:24,BBG000BSBZH7,Sell,354892952100
688,2022_01_12-19:02:08,BBG000BSBZH7,Sell,354899256260
689,2022_01_12-19:08:49,BBG000BSBZH7,Sell,354912032140
690,2022_01_12-19:15:27,BBG000BSBZH7,Sell,354928657650
691,2022_01_12-19:21:54,BBG000BSBZH7,Sell,354939380780
692,2022_01_12-19:25:19,BBG000BSBZH7,Sell,354947381240
693,2022_01_12-20:53:30,BBG000BSBZH7,ReallSell,11111
694,2022_01_12-21:21:02,BBG000VPGNR2,Buy,355265711110
695,2022_01_12-21:21:04,BBG000VPGNR2,Sell,355272096680
696,2022_01_12-21:21:38,BBG000VPGNR2,Sell,355275128760
697,2022_01_12-21:28:36,BBG000VPGNR2,Sell,355290804530
698,2022_01_12-21:35:29,BBG000VPGNR2,Sell,355307641680
699,2022_01_12-21:42:25,BBG000VPGNR2,Sell,355333985550
700,2022_01_12-21:49:23,BBG000VPGNR2,Sell,355342651900
701,2022_01_12-21:56:15,BBG000VPGNR2,Sell,355364541250
702,2022_01_12-22:03:25,BBG000VPGNR2,Sell,355387607090
703,2022_01_12-22:10:09,BBG000VPGNR2,Sell,355397309070
704,2022_01_12-22:16:50,BBG000VPGNR2,Sell,355402209870
705,2022_01_12-22:23:39,BBG000VPGNR2,Sell,355407086150
706,2022_01_12-22:30:18,BBG000VPGNR2,Sell,355412620390
707,2022_01_12-22:37:10,BBG000VPGNR2,Sell,355419518070
708,2022_01_12-22:43:43,BBG000VPGNR2,Sell,355425842510
709,2022_01_12-22:50:31,BBG000VPGNR2,Sell,355432656680
710,2022_01_12-22:57:22,BBG000VPGNR2,Sell,355440653620
711,2022_01_12-23:04:05,BBG000VPGNR2,Sell,355444715770
712,2022_01_13-09:36:49,BBG000VPGNR2,Sell,355476147210
713,2022_01_13-17:30:42,BBG000VPGNR2,Sell,355780568480
714,2022_01_13-17:57:10,BBG000VPGNR2,Sell,355824383760
715,2022_01_13-18:03:39,BBG000VPGNR2,Sell,355833929030
716,2022_01_13-18:10:02,BBG000VPGNR2,ReallSell,11111
717,2022_01_13-19:28:08,BBG000R8ZVD1,Buy,355934894660
718,2022_01_13-19:28:11,BBG000R8ZVD1,Sell,355936208750
719,2022_01_13-19:28:29,BBG000R8ZVD1,Sell,355936534500
720,2022_01_13-19:34:55,BBG000R8ZVD1,Sell,355945227510
721,2022_01_13-19:41:20,BBG000R8ZVD1,Sell,355952527100
722,2022_01_13-19:47:37,BBG000R8ZVD1,Sell,355959434060
723,2022_01_13-19:53:58,BBG000R8ZVD1,Sell,355966858780
724,2022_01_13-20:00:16,BBG000R8ZVD1,Sell,355973791460
725,2022_01_13-20:06:38,BBG000R8ZVD1,Sell,355982449060
726,2022_01_13-20:13:01,BBG000R8ZVD1,Sell,355988393630
727,2022_01_13-20:19:15,BBG000R8ZVD1,Sell,355994702100
728,2022_01_13-20:25:30,BBG000R8ZVD1,Sell,356000866190
729,2022_01_13-20:31:56,BBG000R8ZVD1,Sell,356007265650
730,2022_01_13-20:38:17,BBG000R8ZVD1,Sell,356013130690
731,2022_01_13-20:44:50,BBG000R8ZVD1,Sell,356018539770
732,2022_01_13-20:51:16,BBG000R8ZVD1,Sell,356024012080
733,2022_01_13-20:57:43,BBG000R8ZVD1,Sell,356028988820
734,2022_01_13-21:03:58,BBG000R8ZVD1,Sell,356034911460
735,2022_01_13-21:10:19,BBG000R8ZVD1,Sell,356039871360
736,2022_01_13-21:16:48,BBG000R8ZVD1,Sell,356045302160
737,2022_01_13-21:23:15,BBG000R8ZVD1,Sell,356051626790
738,2022_01_13-21:29:36,BBG000R8ZVD1,Sell,356056713440
739,2022_01_13-21:35:55,BBG000R8ZVD1,Sell,356063812210
740,2022_01_13-21:42:17,BBG000R8ZVD1,Sell,356070185510
741,2022_01_13-21:48:41,BBG000R8ZVD1,Sell,356076680430
742,2022_01_13-21:55:04,BBG000R8ZVD1,Sell,356083013220
743,2022_01_13-22:01:34,BBG000R8ZVD1,Sell,356088364250
744,2022_01_13-22:07:54,BBG000R8ZVD1,Sell,356093393150
745,2022_01_13-22:14:17,BBG000R8ZVD1,Sell,356098902020
746,2022_01_14-10:20:04,BBG000R8ZVD1,Sell,356223151630
747,2022_01_14-11:12:43,BBG000R8ZVD1,Sell,356265900280
748,2022_01_14-16:25:34,BBG000R8ZVD1,Sell,356463944360
749,2022_01_14-17:33:46,BBG000R8ZVD1,Sell,356602467410
750,2022_01_14-17:40:23,BBG000R8ZVD1,Sell,356614440230
751,2022_01_14-17:47:11,BBG000R8ZVD1,Sell,356625641150
752,2022_01_14-17:53:51,BBG000R8ZVD1,Sell,356636480740
753,2022_01_14-18:00:36,BBG000R8ZVD1,Sell,356646237140
754,2022_01_14-18:07:24,BBG000R8ZVD1,Sell,356657670500
755,2022_01_14-18:14:17,BBG000R8ZVD1,Sell,356667374660
756,2022_01_14-18:21:09,BBG000R8ZVD1,Sell,356676954940
757,2022_01_14-18:27:53,BBG000R8ZVD1,Sell,356686566520
758,2022_01_14-18:34:42,BBG000R8ZVD1,Sell,356696808390
759,2022_01_14-18:41:07,BBG000R8ZVD1,Sell,356705360130
760,2022_01_14-18:47:47,BBG000R8ZVD1,Sell,356713819710
761,2022_01_14-18:54:28,BBG000R8ZVD1,Sell,356721011600
762,2022_01_14-19:01:18,BBG000R8ZVD1,Sell,356728721680
763,2022_01_14-19:07:58,BBG000R8ZVD1,Sell,356735397190
764,2022_01_14-19:14:37,BBG000R8ZVD1,Sell,356742067090
765,2022_01_14-19:21:24,BBG000R8ZVD1,Sell,356748276310
766,2022_01_14-19:28:14,BBG000R8ZVD1,Sell,356754196040
767,2022_01_14-19:34:51,BBG000R8ZVD1,Sell,356760292190
768,2022_01_14-19:41:31,BBG000R8ZVD1,Sell,356766658610
769,2022_01_14-19:48:19,BBG000R8ZVD1,Sell,356772887030
770,2022_01_14-19:55:16,BBG000R8ZVD1,Sell,356779786900
771,2022_01_14-20:02:08,BBG000R8ZVD1,Sell,356787249770
772,2022_01_14-20:08:54,BBG000R8ZVD1,Sell,356793428320
773,2022_01_14-20:15:42,BBG000R8ZVD1,Sell,356800935750
774,2022_01_14-20:22:36,BBG000R8ZVD1,Sell,356807761460
775,2022_01_14-20:29:25,BBG000R8ZVD1,Sell,356814214000
776,2022_01_14-20:36:02,BBG000R8ZVD1,Sell,356821032440
777,2022_01_14-20:42:46,BBG000R8ZVD1,Sell,356827506460
778,2022_01_14-20:49:40,BBG000R8ZVD1,Sell,356834639380
779,2022_01_14-20:56:22,BBG000R8ZVD1,Sell,356841202080
780,2022_01_14-21:03:01,BBG000R8ZVD1,Sell,356848474680
781,2022_01_14-21:09:41,BBG000R8ZVD1,Sell,356855491890
782,2022_01_18-10:13:55,BBG000R8ZVD1,Sell,357087780790
783,2022_01_19-13:01:20,BBG000R8ZVD1,Sell,357993380000
784,2022_01_19-16:49:03,BBG000R8ZVD1,Sell,358131446630
785,2022_01_19-16:56:54,BBG000R8ZVD1,Sell,358146889120
786,2022_01_19-17:04:45,BBG000R8ZVD1,Sell,358162967750
787,2022_01_19-17:12:45,BBG000R8ZVD1,Sell,358175883420
788,2022_01_19-17:20:41,BBG000R8ZVD1,Sell,358189091700
789,2022_01_19-17:28:36,BBG000R8ZVD1,Sell,358202005910
790,2022_01_19-17:36:23,BBG000R8ZVD1,Sell,358214245080
791,2022_01_19-17:44:18,BBG000R8ZVD1,Sell,358227462310
792,2022_01_19-17:52:04,BBG000R8ZVD1,Sell,358240361170
793,2022_01_19-17:59:52,BBG000R8ZVD1,Sell,358253356370
794,2022_01_19-18:07:40,BBG000R8ZVD1,Sell,358266125900
795,2022_01_19-18:15:27,BBG000R8ZVD1,Sell,358278171690
796,2022_01_19-18:23:24,BBG000R8ZVD1,Sell,358291094490
797,2022_01_19-18:31:11,BBG000R8ZVD1,Sell,358303862920
798,2022_01_19-18:38:48,BBG000R8ZVD1,Sell,358314740910
799,2022_01_19-18:46:39,BBG000R8ZVD1,Sell,358326668010
800,2022_01_19-18:54:41,BBG000R8ZVD1,Sell,358336840710
801,2022_01_20-21:18:50,BBG000R8ZVD1,Sell,359215260710
802,2022_01_20-22:38:29,BBG000R8ZVD1,Sell,359321024880
803,2022_01_20-22:52:15,BBG000R8ZVD1,Sell,359341857960
804,2022_01_20-22:56:47,BBG000R8ZVD1,Sell,359349766830
805,2022_01_21-10:08:07,BBG000R8ZVD1,Sell,359417466130
806,2022_01_24-14:50:51,BBG000R8ZVD1,Sell,360639384550
807,2022_01_25-11:09:41,BBG000R8ZVD1,Sell,361673938680
808,2022_01_26-10:46:27,BBG000R8ZVD1,Sell,362644988270
809,2022_01_26-19:22:57,BBG000R8ZVD1,Sell,363127798020
810,2022_01_27-09:47:57,BBG000R8ZVD1,Sell,363598262810
811,2022_01_28-10:54:38,BBG000R8ZVD1,Sell,364755744950
812,2022_01_31-09:51:59,BBG000R8ZVD1,Sell,365723659930
813,2022_02_01-09:40:14,BBG000R8ZVD1,ReallSell,11111
814,2022_02_01-17:06:29,BBG000BV4DR6,Buy,366813577570
815,2022_02_01-17:06:31,BBG000BV4DR6,Sell,366816045530
816,2022_02_01-17:08:41,BBG000BV4DR6,Sell,366820727510
817,2022_02_01-17:14:45,BBG000BV4DR6,Sell,366834113490
818,2022_02_01-17:20:48,BBG000BV4DR6,ReallSell,11111
819,2022_02_01-17:30:34,BBG000JG0547,Buy,366862172850
820,2022_02_01-17:30:36,BBG000JG0547,Sell,366864336670
821,2022_02_01-17:32:49,BBG000JG0547,ReallSell,11111
822,2022_02_02-17:34:42,BBG000BV4DR6,Buy,367686601470
823,2022_02_02-17:34:44,BBG000BV4DR6,Sell,367688448240
824,2022_02_02-17:35:10,BBG000BV4DR6,Sell,367689330800
825,2022_02_02-17:41:13,BBG000BV4DR6,Sell,367700529950
826,2022_02_02-17:47:16,BBG000BV4DR6,Sell,367711064550
827,2022_02_02-17:53:18,BBG000BV4DR6,ReallSell,11111
828,2022_02_02-18:19:22,BBG000BV4DR6,Buy,367764853280
829,2022_02_02-18:19:25,BBG000BV4DR6,Sell,367766387120
830,2022_02_02-18:23:23,BBG000BV4DR6,Sell,367773081840
831,2022_02_02-18:29:26,BBG000BV4DR6,Sell,367781567720
832,2022_02_02-18:35:29,BBG000BV4DR6,Sell,367790656110
833,2022_02_02-18:41:31,BBG000BV4DR6,Sell,367800073510
834,2022_02_02-18:47:36,BBG000BV4DR6,Sell,367808840190
835,2022_02_02-18:53:39,BBG000BV4DR6,Sell,367816495700
836,2022_02_02-18:59:41,BBG000BV4DR6,Sell,367823715070
837,2022_02_02-19:05:44,BBG000BV4DR6,Sell,367831016720
838,2022_02_02-19:59:28,BBG000BV4DR6,ReallSell,11111
839,2022_02_03-18:01:25,BBG000BV4DR6,Buy,368538336190
840,2022_02_03-18:01:27,BBG000BV4DR6,Sell,368540010540
841,2022_02_03-18:30:30,BBG000BV4DR6,Sell,368586331430
842,2022_02_03-18:34:46,BBG000BV4DR6,Sell,368592398700
843,2022_02_03-18:36:33,BBG000BV4DR6,Sell,368594898310
844,2022_02_03-18:36:33,BBG000BV4DR6,Sell,368598811870
845,2022_02_04-10:05:28,BBG000BV4DR6,ReallSell,11111
846,2022_02_07-17:25:10,BBG0077VNXV6,Buy,369928380460
847,2022_02_07-17:25:12,BBG0077VNXV6,Sell,369929973710
848,2022_02_07-17:25:47,BBG0077VNXV6,Sell,369930897760
849,2022_02_07-17:31:50,BBG0077VNXV6,Sell,369939605260
850,2022_02_07-17:37:53,BBG0077VNXV6,Sell,369948022400
851,2022_02_07-17:43:56,BBG0077VNXV6,ReallSell,11111
852,2022_02_07-18:43:22,BBG000N7QR55,Buy,370034680920
853,2022_02_07-18:43:24,BBG000N7QR55,Sell,370035914740
854,2022_02_07-18:44:15,BBG000N7QR55,Sell,370037228700
855,2022_02_07-18:50:25,BBG000N7QR55,Sell,370044799560
856,2022_02_07-18:56:27,BBG000N7QR55,Sell,370051614870
857,2022_02_07-19:02:30,BBG000N7QR55,Sell,370058416620
858,2022_02_07-19:08:33,BBG000N7QR55,ReallSell,11111
859,2022_02_08-17:39:36,BBG000BVMPN3,Buy,370702301570
860,2022_02_08-17:39:39,BBG000BVMPN3,Sell,370704227140
861,2022_02_08-17:39:58,BBG000BVMPN3,Sell,370704638690
862,2022_02_08-17:46:12,BBG000BVMPN3,Sell,370714622870
863,2022_02_08-17:52:23,BBG000BVMPN3,ReallSell,11111
864,2022_02_08-21:39:16,BBG000H8TVT2,Buy,370963009380
865,2022_02_08-21:39:19,BBG000H8TVT2,Sell,370964417410
866,2022_02_08-21:39:51,BBG000H8TVT2,Sell,370965131350
867,2022_02_08-21:45:53,BBG000H8TVT2,Sell,370972678320
868,2022_02_08-21:52:04,BBG000H8TVT2,Sell,370979814320
869,2022_02_08-21:58:16,BBG000H8TVT2,Sell,370986183110
870,2022_02_08-22:04:29,BBG000H8TVT2,Sell,370991463210
871,2022_02_08-22:10:31,BBG000H8TVT2,Sell,370996226260
872,2022_02_08-22:16:34,BBG000H8TVT2,Sell,371004004220
873,2022_02_08-22:22:40,BBG000H8TVT2,Sell,371012454340
874,2022_02_08-22:28:45,BBG000H8TVT2,Sell,371020047530
875,2022_02_08-22:34:48,BBG000H8TVT2,Sell,371028124430
876,2022_02_08-22:41:00,BBG000H8TVT2,Sell,371035858550
877,2022_02_08-22:47:10,BBG000H8TVT2,Sell,371042831120
878,2022_02_08-22:53:13,BBG000H8TVT2,Sell,371051234390
879,2022_02_08-22:59:15,BBG000H8TVT2,Sell,371060691200
880,2022_02_09-10:35:25,BBG000H8TVT2,ReallSell,11111
881,2022_02_10-18:34:12,BBG000J0D904,Buy,372348187460
882,2022_02_10-18:34:14,BBG000J0D904,Sell,372350545850
883,2022_02_10-18:35:12,BBG000J0D904,Sell,372352639730
884,2022_02_10-18:41:23,BBG000J0D904,Sell,372364615180
885,2022_02_10-18:47:37,BBG000J0D904,Sell,372376111400
886,2022_02_10-18:53:47,BBG000J0D904,Sell,372385891010
887,2022_02_10-18:59:58,BBG000J0D904,ReallSell,11111
888,2022_02_10-19:56:30,BBG000CTQBF3,Buy,372501745600
889,2022_02_10-19:56:32,BBG000CTQBF3,Sell,372504225610
890,2022_02_10-19:57:08,BBG000CTQBF3,Sell,372505719340
891,2022_02_10-20:03:22,BBG000CTQBF3,Sell,372521246080
892,2022_02_10-20:09:33,BBG000CTQBF3,Sell,372536274910
893,2022_02_10-20:15:43,BBG000CTQBF3,Sell,372550197960
894,2022_02_10-20:21:46,BBG000CTQBF3,Sell,372565269470
895,2022_02_10-20:27:49,BBG000CTQBF3,Sell,372578610100
896,2022_02_10-20:34:08,BBG000CTQBF3,Sell,372593461310
897,2022_02_10-20:40:27,BBG000CTQBF3,Sell,372610373920
898,2022_02_10-20:46:37,BBG000CTQBF3,Sell,372624318740
899,2022_02_10-20:52:52,BBG000CTQBF3,Sell,372638727220
900,2022_02_10-21:54:20,BBG000CTQBF3,Sell,372775941510
901,2022_02_10-22:01:28,BBG000CTQBF3,Sell,372790266900
902,2022_02_10-22:07:30,BBG000CTQBF3,Sell,372801250660
903,2022_02_10-22:13:33,BBG000CTQBF3,Sell,372809257460
904,2022_02_10-22:19:35,BBG000CTQBF3,Sell,372819784640
905,2022_02_10-22:25:38,BBG000CTQBF3,Sell,372831045060
906,2022_02_10-22:31:41,BBG000CTQBF3,Sell,372842730170
907,2022_02_10-22:37:45,BBG000CTQBF3,Sell,372852718590
908,2022_02_10-22:43:48,BBG000CTQBF3,Sell,372861023190
909,2022_02_10-22:49:50,BBG000CTQBF3,Sell,372870193010
910,2022_02_10-22:55:53,BBG000CTQBF3,Sell,372882840490
911,2022_02_10-23:02:02,BBG000CTQBF3,Sell,372890621600
912,2022_02_11-12:20:40,BBG000CTQBF3,Sell,373048202990
913,2022_02_11-16:07:28,BBG000CTQBF3,Sell,373155209860
914,2022_02_11-16:45:45,BBG000CTQBF3,Sell,373216728210
915,2022_02_11-16:51:48,BBG000CTQBF3,ReallSell,11111
916,2022_02_11-17:28:44,BBG000MM2P62,Buy,R38811041
917,2022_02_11-17:28:46,BBG000MM2P62,Sell,373348797560
918,2022_02_11-17:29:33,BBG000MM2P62,Sell,373351045040
919,2022_02_11-17:35:37,BBG000MM2P62,Sell,373368102850
920,2022_02_11-17:41:41,BBG000MM2P62,Sell,373383876980
921,2022_02_11-17:47:43,BBG000MM2P62,ReallSell,11111
922,2022_02_11-18:23:21,BBG000C6GN04,Buy,373477959730
923,2022_02_11-18:23:23,BBG000C6GN04,Sell,373480027410
924,2022_02_11-18:24:13,BBG000C6GN04,Sell,373481883340
925,2022_02_11-18:30:16,BBG000C6GN04,Sell,373495762610
926,2022_02_11-18:36:18,BBG000C6GN04,Sell,373509259280
927,2022_02_11-18:42:21,BBG000C6GN04,Sell,373521800190
928,2022_02_11-18:48:24,BBG000C6GN04,Sell,373533907980
929,2022_02_11-18:54:26,BBG000C6GN04,Sell,373545535780
930,2022_02_11-19:00:29,BBG000C6GN04,Sell,373557498890
931,2022_02_11-19:06:32,BBG000C6GN04,Sell,373567960380
932,2022_02_11-19:12:35,BBG000C6GN04,Sell,373577701280
933,2022_02_11-19:54:44,BBG000C6GN04,ReallSell,11111
934,2022_02_11-20:55:47,BBG000BPD168,Buy,373783616270
935,2022_02_11-20:55:49,BBG000BPD168,Sell,373786932920
936,2022_02_11-20:56:48,BBG000BPD168,Sell,373790266540
937,2022_02_11-21:03:01,BBG000BPD168,Sell,373811246480
938,2022_02_11-21:09:04,BBG000BPD168,Sell,373832531610
939,2022_02_11-21:15:08,BBG000BPD168,Sell,373853701500
940,2022_02_11-21:21:10,BBG000BPD168,ReallSell,11111
941,2022_02_14-20:01:53,BBG000CL9VN6,Buy,R39140611
942,2022_02_14-20:01:55,BBG000CL9VN6,Sell,374990728120
943,2022_02_14-20:03:09,BBG000CL9VN6,Sell,374993122960
944,2022_02_14-20:46:38,BBG000CL9VN6,Sell,375073197410
945,2022_02_14-20:53:16,BBG000CL9VN6,Sell,375091328050
946,2022_02_14-20:59:41,BBG000CL9VN6,Sell,375113039070
947,2022_02_14-21:06:19,BBG000CL9VN6,Sell,375133512850
948,2022_02_14-21:07:21,BBG000CL9VN6,Buy,375133572460
949,2022_02_14-21:07:22,BBG000CL9VN6,Sell,375136333310
950,2022_02_14-21:13:23,BBG000CL9VN6,Sell,375153276640
951,2022_02_14-21:19:44,BBG000CL9VN6,Sell,375168431220
952,2022_02_14-21:26:17,BBG000CL9VN6,Sell,375183606190
953,2022_02_14-21:32:52,BBG000CL9VN6,Sell,375203020290
954,2022_02_14-21:39:41,BBG000CL9VN6,Sell,375224706770
955,2022_02_14-21:46:26,BBG000CL9VN6,Sell,375243877000
956,2022_02_14-21:53:02,BBG000CL9VN6,Sell,375262788530
957,2022_02_14-21:59:33,BBG000CL9VN6,Sell,375279639520
958,2022_02_14-22:06:09,BBG000CL9VN6,Sell,375293888630
959,2022_02_14-22:12:47,BBG000CL9VN6,Sell,375306524470
960,2022_02_14-22:19:23,BBG000CL9VN6,Sell,375321121300
961,2022_02_14-22:26:05,BBG000CL9VN6,Sell,375335988160
962,2022_02_14-22:32:52,BBG000CL9VN6,Sell,375350479580
963,2022_02_14-22:39:41,BBG000CL9VN6,Sell,375362345730
964,2022_02_14-22:46:14,BBG000CL9VN6,Sell,375372469940
965,2022_02_14-22:52:53,BBG000CL9VN6,Sell,375385157040
966,2022_02_14-22:59:33,BBG000CL9VN6,Sell,375397625730
967,2022_02_15-09:57:36,BBG000CL9VN6,Sell,375449414100
968,2022_02_15-11:12:35,BBG000CL9VN6,ReallSell,11111
969,2022_02_15-19:20:00,BBG000BVV7G1,Buy,376089611870
970,2022_02_15-19:20:03,BBG000BVV7G1,Sell,376091364960
971,2022_02_15-19:20:08,BBG000BVV7G1,Sell,376091531550
972,2022_02_15-19:27:17,BBG000BVV7G1,Sell,376103612620
973,2022_02_15-19:34:24,BBG000BVV7G1,Sell,376116570650
974,2022_02_15-19:41:35,BBG000BVV7G1,Sell,376128966760
975,2022_02_15-19:48:36,BBG000BVV7G1,Sell,376141348270
976,2022_02_15-19:55:44,BBG000BVV7G1,Sell,376154431290
977,2022_02_15-20:02:48,BBG000BVV7G1,Sell,376164984200
978,2022_02_15-20:10:03,BBG000BVV7G1,Sell,376175346040
979,2022_02_15-20:17:10,BBG000BVV7G1,Sell,376184411710
980,2022_02_15-20:24:17,BBG000BVV7G1,ReallSell,11111
981,2022_02_15-21:14:12,BBG000JG0547,Buy,376260267040
982,2022_02_15-21:14:15,BBG000JG0547,Sell,376262034020
983,2022_02_15-21:14:56,BBG000JG0547,Sell,376262927940
984,2022_02_15-21:22:05,BBG000JG0547,Sell,376273501190
985,2022_02_15-21:29:07,BBG000JG0547,Sell,376282602730
986,2022_02_15-21:36:11,BBG000JG0547,Sell,376292239560
987,2022_02_15-21:43:12,BBG000JG0547,Sell,376302270810
988,2022_02_15-21:50:05,BBG000JG0547,Sell,376313356270
989,2022_02_15-21:57:05,BBG000JG0547,Sell,376324143230
990,2022_02_15-22:04:05,BBG000JG0547,Sell,376332194610
991,2022_02_15-22:11:15,BBG000JG0547,Sell,376340047870
992,2022_02_15-22:18:32,BBG000JG0547,Sell,376348313620
993,2022_02_15-22:25:36,BBG000JG0547,Sell,376356144980
994,2022_02_15-22:32:38,BBG000JG0547,Sell,376365671950
995,2022_02_15-22:39:33,BBG000JG0547,Sell,376378593740
996,2022_02_15-22:46:38,BBG000JG0547,Sell,376387751450
997,2022_02_15-22:53:44,BBG000JG0547,Sell,376399654440
998,2022_02_15-23:00:46,BBG000JG0547,Sell,376410048010
999,2022_02_16-10:44:01,BBG000JG0547,Sell,376537715740
1000,2022_02_16-16:26:15,BBG000JG0547,Sell,376881026850
1001,2022_02_16-16:32:23,BBG000JG0547,Sell,376890176430
1002,2022_02_16-16:38:31,BBG000JG0547,Sell,376910365850
1003,2022_02_16-16:44:38,BBG000JG0547,Sell,376932126520
1004,2022_02_16-16:50:41,BBG000JG0547,Sell,376953172800
1005,2022_02_16-16:56:45,BBG000JG0547,Sell,376973812850
1006,2022_02_16-17:02:48,BBG000JG0547,Sell,376993846510
1007,2022_02_16-17:08:53,BBG000JG0547,Sell,377012825860
1008,2022_02_16-17:14:59,BBG000JG0547,Sell,377031169360
1009,2022_02_16-17:21:02,BBG000JG0547,Sell,377048834430
1010,2022_02_16-17:27:06,BBG000JG0547,Sell,377064714730
1011,2022_02_16-17:33:10,BBG000JG0547,Sell,377080326430
1012,2022_02_16-17:39:13,BBG000JG0547,Sell,377094028160
1013,2022_02_16-17:45:16,BBG000JG0547,Sell,377107714950
1014,2022_02_16-17:51:20,BBG000JG0547,Sell,377120371300
1015,2022_02_16-17:57:23,BBG000JG0547,Sell,377133061820
1016,2022_02_16-18:03:26,BBG000JG0547,Sell,377145475920
1017,2022_02_16-18:09:30,BBG000JG0547,Sell,377158764510
1018,2022_02_16-18:15:33,BBG000JG0547,Sell,377170892170
1019,2022_02_16-18:21:37,BBG000JG0547,Sell,377183150920
1020,2022_02_16-18:27:39,BBG000JG0547,Sell,377193798420
1021,2022_02_16-18:33:42,BBG000JG0547,Sell,377204500480
1022,2022_02_16-18:39:45,BBG000JG0547,Sell,377215178950
1023,2022_02_16-18:45:48,BBG000JG0547,Sell,377225307090
1024,2022_02_16-18:52:43,BBG000JG0547,Sell,377236441410
1025,2022_02_16-18:58:45,BBG000JG0547,Sell,377245068880
1026,2022_02_16-19:04:48,BBG000JG0547,Sell,377255037140
1027,2022_02_16-19:10:51,BBG000JG0547,Sell,377264175930
1028,2022_02_16-20:07:58,BBG000JG0547,Sell,377352312390
1029,2022_02_16-20:14:22,BBG000JG0547,Sell,377361060410
1030,2022_02_16-20:20:31,BBG000JG0547,Sell,377368835290
1031,2022_02_16-20:26:41,BBG000JG0547,Sell,377377569780
1032,2022_02_16-20:32:45,BBG000JG0547,Sell,377386200960
1033,2022_02_16-20:38:48,BBG000JG0547,Sell,377394707790
1034,2022_02_16-20:44:52,BBG000JG0547,Sell,377403307150
1035,2022_02_16-20:51:04,BBG000JG0547,Sell,377412453530
1036,2022_02_17-10:29:47,BBG000JG0547,ReallSell,11111
1037,2022_02_18-18:23:34,BBG000BV8DN6,Buy,379674230680
1038,2022_02_18-18:23:37,BBG000BV8DN6,Sell,379676607830
1039,2022_02_18-18:23:44,BBG000BV8DN6,Sell,379676873700
1040,2022_02_18-18:30:48,BBG000BV8DN6,Sell,379693257310
1041,2022_02_18-18:37:43,BBG000BV8DN6,Sell,379709706900
1042,2022_02_18-18:44:52,BBG000BV8DN6,Sell,379727040310
1043,2022_02_18-18:51:53,BBG000BV8DN6,Sell,379743602010
1044,2022_02_18-18:58:59,BBG000BV8DN6,Sell,379759406800
1045,2022_02_18-19:06:08,BBG000BV8DN6,Sell,379774951510
1046,2022_02_18-19:12:58,BBG000BV8DN6,Sell,379789318390
1047,2022_02_18-19:19:55,BBG000BV8DN6,Sell,379805196000
1048,2022_02_18-19:27:03,BBG000BV8DN6,Sell,379820679010
1049,2022_02_18-19:34:00,BBG000BV8DN6,Sell,379839681350
1050,2022_02_18-19:41:10,BBG000BV8DN6,Sell,379859277690
1051,2022_02_18-19:48:18,BBG000BV8DN6,Sell,379877071120
1052,2022_02_18-19:55:16,BBG000BV8DN6,Sell,379892440170
1053,2022_02_18-20:02:24,BBG000BV8DN6,Sell,379907771490
1054,2022_02_18-20:09:31,BBG000BV8DN6,Sell,379921983880
1055,2022_02_18-20:16:41,BBG000BV8DN6,Sell,379935087090
1056,2022_02_18-20:23:46,BBG000BV8DN6,Sell,379949058340
1057,2022_02_18-20:30:43,BBG000BV8DN6,Sell,379962700710
1058,2022_02_18-20:37:43,BBG000BV8DN6,Sell,379975440240
1059,2022_02_18-20:44:33,BBG000BV8DN6,Sell,379987984050
1060,2022_02_18-20:51:37,BBG000BV8DN6,Sell,379999933150
1061,2022_02_18-20:58:37,BBG000BV8DN6,Sell,380011625840
1062,2022_02_18-21:05:39,BBG000BV8DN6,ReallSell,11111
1063,2022_02_22-18:01:33,BBG000F5VVB6,Buy,381226549930
1064,2022_02_22-18:01:36,BBG000F5VVB6,Sell,381229338320
1065,2022_02_22-18:12:09,BBG000F5VVB6,Sell,381257249880
1066,2022_02_22-18:20:58,BBG000F5VVB6,Sell,381280313550
1067,2022_02_22-18:29:12,BBG000F5VVB6,ReallSell,11111
1068,2022_02_22-18:36:18,BBG000BB5006,Buy,381319019170
1069,2022_02_22-18:36:20,BBG000BB5006,Sell,381321993950
1070,2022_02_22-18:38:42,BBG000BB5006,Sell,381328041320
1071,2022_02_22-18:47:24,BBG000BB5006,Sell,381348824330
1072,2022_02_22-18:56:11,BBG000BB5006,Sell,381370946650
1073,2022_02_22-19:04:59,BBG000BB5006,Sell,381389412720
1074,2022_02_22-19:13:21,BBG000BB5006,Sell,381406349660
1075,2022_02_22-19:21:40,BBG000BB5006,Sell,381422288490
1076,2022_02_22-19:30:13,BBG000BB5006,Sell,381438884520
1077,2022_02_23-11:07:14,BBG000BB5006,ReallSell,11111
1078,2022_02_23-17:09:29,BBG004NLQHL0,Buy,R40595291
1079,2022_02_23-17:09:31,BBG004NLQHL0,Sell,382501659350
1080,2022_02_23-17:09:56,BBG004NLQHL0,ReallSell,11111
1081,2022_02_23-17:16:56,BBG000BT7ZK6,Buy,382521557860
1082,2022_02_23-17:16:58,BBG000BT7ZK6,Sell,382524826910
1083,2022_02_23-17:18:31,BBG000BT7ZK6,Sell,382530116900
1084,2022_02_23-17:26:04,BBG000BT7ZK6,Sell,382554530020
1085,2022_02_23-17:33:46,BBG000BT7ZK6,Sell,382577733320
1086,2022_02_23-17:41:18,BBG000BT7ZK6,Sell,382598267030
1087,2022_02_23-17:48:55,BBG000BT7ZK6,Sell,382618759140
1088,2022_02_23-17:56:21,BBG000BT7ZK6,Sell,382639917650
1089,2022_02_23-18:03:44,BBG000BT7ZK6,Sell,382661473110
1090,2022_02_23-18:11:35,BBG000BT7ZK6,Sell,382683350610
1091,2022_02_23-18:18:57,BBG000BT7ZK6,Sell,382701929090
1092,2022_02_23-18:26:35,BBG000BT7ZK6,Sell,382719656040
1093,2022_02_23-18:34:13,BBG000BT7ZK6,Sell,382737908890
1094,2022_02_23-18:41:49,BBG000BT7ZK6,Sell,382754692210
1095,2022_02_23-18:49:32,BBG000BT7ZK6,Sell,382771068190
1096,2022_02_23-18:57:07,BBG000BT7ZK6,Sell,382786764530
1097,2022_02_23-19:04:54,BBG000BT7ZK6,Sell,382801928260
1098,2022_02_23-19:12:27,BBG000BT7ZK6,Sell,382817015340
1099,2022_02_23-19:20:09,BBG000BT7ZK6,Sell,382832628790
1100,2022_02_23-19:27:54,BBG000BT7ZK6,Sell,382846046170
1101,2022_02_23-19:35:42,BBG000BT7ZK6,ReallSell,11111
1102,2022_02_23-20:15:23,BBG000N7QR55,Buy,R40661190
1103,2022_02_23-20:15:26,BBG000N7QR55,Sell,382930248680
1104,2022_02_23-20:17:40,BBG000N7QR55,ReallSell,11111
1105,2022_02_23-20:24:18,BBG000BB5006,Buy,382946021630
1106,2022_02_23-20:24:20,BBG000BB5006,Sell,382948254540
1107,2022_02_23-20:26:21,BBG000BB5006,Sell,382952333520
1108,2022_02_23-20:33:44,BBG000BB5006,Sell,382967965820
1109,2022_02_23-20:41:28,BBG000BB5006,Sell,382984351180
1110,2022_02_23-20:49:05,BBG000BB5006,Sell,382999629150
1111,2022_02_23-20:56:45,BBG000BB5006,Sell,383015413160
1112,2022_02_23-21:04:29,BBG000BB5006,Sell,383032643400
1113,2022_02_23-21:11:59,BBG000BB5006,Sell,383050637630
1114,2022_02_23-21:19:47,BBG000BB5006,Sell,383071799200
1115,2022_02_23-21:27:26,BBG000BB5006,Sell,383090911610
1116,2022_02_23-21:35:04,BBG000BB5006,Sell,383108701130
1117,2022_02_23-21:42:37,BBG000BB5006,Sell,383125962890
1118,2022_02_23-21:50:30,BBG000BB5006,Sell,383145982480
1119,2022_02_23-21:51:34,BBG000BB5006,Sell,383148716200
1120,2022_02_23-21:58:12,BBG000BB5006,Sell,383164907130
1121,2022_02_23-21:59:16,BBG000BB5006,Sell,383167328920
1122,2022_02_23-22:05:35,BBG000BB5006,Sell,383177758230
1123,2022_02_23-22:12:57,BBG000BB5006,Sell,383187024940
1124,2022_02_23-22:20:29,BBG000BB5006,Sell,383198072190
1125,2022_02_23-22:28:25,BBG000BB5006,Sell,383212287250
1126,2022_02_23-22:36:09,BBG000BB5006,Sell,383224696230
1127,2022_02_23-22:43:41,BBG000BB5006,Sell,383236500390
1128,2022_02_23-22:51:28,BBG000BB5006,Sell,383251279190
1129,2022_02_23-22:59:20,BBG000BB5006,Sell,383267055070
1130,2022_02_24-17:46:46,BBG000BB5006,Sell,383575345490
1131,2022_02_25-17:24:33,BBG000BB5006,ReallSell,11111
1132,2022_02_25-20:21:55,BBG000BD8ZK0,Buy,384865996550
1133,2022_02_25-20:21:57,BBG000BD8ZK0,Sell,384868356220
1134,2022_02_25-20:23:35,BBG000BD8ZK0,Sell,384871133590
1135,2022_02_25-20:30:24,BBG000BD8ZK0,Sell,384883863780
1136,2022_02_25-20:37:14,BBG000BD8ZK0,Sell,384897209660
1137,2022_02_25-20:43:54,BBG000BD8ZK0,ReallSell,11111
